Thompson, Emma	8
Rodriguez, Liam	7
Chen, Olivia	6
Williams, Noah	8
Martinez, Ava	7
Johnson, Ethan	6
Lee, Sophia	8
Garcia, Mason	7
Brown, Isabella	6
Smith, Lucas	8
Patel, Mia	7
Davis, Alexander	6
Wilson, Charlotte	8
Anderson, William	7
Taylor, Amelia	6
Moore, James	8
Thomas, Harper	7
White, Benjamin	6
Jackson, Evelyn	8
Martin, Daniel	7
Thompson, Abigail	6
Rodriguez, Henry	8
Chen, Elizabeth	7
Williams, Sebastian	6
Martinez, Victoria	8
Johnson, Jack	7
Lee, Scarlett	6
Garcia, Owen	8
Brown, Grace	7
Smith, Samuel	6
Patel, Chloe	8
Davis, Matthew	7
Wilson, Zoe	6
Anderson, David	8
Taylor, Lily	7
Moore, Joseph	6
Thomas, Hannah	8
White, Christopher	7
Jackson, Leah	6
Martin, Andrew	8
Thompson, Nora	7
Rodriguez, Ryan	6
Chen, Audrey	8
Williams, Nathan	7
Martinez, Aurora	6
Johnson, Dylan	8
Lee, Claire	7
Garcia, Luke	6
Brown, Bella	8
Smith, Gabriel	7
Patel, Sarah	6
Davis, Carter	8
Wilson, Lucy	7
Anderson, John	6
Taylor, Eva	8
Moore, Isaac	7
Thomas, Madison	6
White, Joshua	8
Jackson, Sophie	7
Martin, Adrian	6
Thompson, Paisley	8
Rodriguez, Caleb	7
Chen, Autumn	6
Williams, Thomas	8
Martinez, Violet	7
Johnson, Charles	6
Lee, Stella	8
Garcia, Austin	7
Brown, Maya	6
Smith, Leo	8
Patel, Ellie	7
Davis, Cameron	6
Wilson, Hazel	8
Anderson, Miles	7
Taylor, Natalie	6
Moore, Eli	8
Thomas, Ruby	7
White, Nicholas	6
Jackson, Alice	8
Martin, Dominic	7
Thompson, Naomi	6
Rodriguez, Lincoln	8
Chen, Savannah	7
Williams, Max	6
Martinez, Willow	8
Johnson, Chase	7
Lee, Delilah	6
Garcia, Tyler	8
Brown, Aubrey	7
Smith, Cole	6
Patel, Nova	8
Davis, Carson	7
Wilson, Ivy	6
Anderson, Xavier	8
Taylor, Iris	7
Moore, Axel	6
Thomas, Eleanor	8
White, Roman	7
Jackson, Lydia	6
Martin, Wesley	8
Thompson, Jade	7
Rodriguez, Silas	6
Chen, Athena	8
Williams, Aiden	7
Martinez, Valentina	6 